"values","group"
0.027027027027027,"intra plants"
0.0135135135135135,"intra plants"
0.0540540540540541,"intra plants"
0.148648648648649,"intra plants"
0.0540540540540541,"intra plants"
0.027027027027027,"intra plants"
0.0087719298245614,"intra plants"
0.0087719298245614,"intra plants"
0.0087719298245614,"intra plants"
0.0087719298245614,"intra plants"
0.0526315789473684,"intra plants"
0.263157894736842,"intra plants"
0.210526315789474,"intra plants"
0.00476190476190476,"intra plants"
0.00476190476190476,"intra plants"
0.00476190476190476,"intra plants"
0.00476190476190476,"intra plants"
0.00476190476190476,"intra plants"
0.0857142857142857,"intra plants"
0.0714285714285714,"intra plants"
0.00952380952380952,"intra plants"
0.00952380952380952,"intra plants"
0.00476190476190476,"intra plants"
0.00476190476190476,"intra plants"
0.019047619047619,"intra plants"
0.138095238095238,"intra plants"
0.0714285714285714,"intra plants"
0.119047619047619,"intra plants"
0.00476190476190476,"intra plants"
1,"intra plants"
0.166666666666667,"intra plants"
0.0483870967741935,"intra plants"
0.112903225806452,"intra plants"
0.0161290322580645,"intra plants"
0.0161290322580645,"intra plants"
0.0483870967741935,"intra plants"
0.0645161290322581,"intra plants"
0.0645161290322581,"intra plants"
0.0714285714285714,"intra plants"
0.0714285714285714,"intra plants"
0.0714285714285714,"intra plants"
0.357142857142857,"intra plants"
0.428571428571429,"intra plants"
0.0571428571428571,"intra plants"
0.0285714285714286,"intra plants"
0.0285714285714286,"intra plants"
0.0833333333333333,"intra plants"
0.333333333333333,"intra plants"
0.0833333333333333,"intra plants"
0.333333333333333,"intra plants"
0.125,"intra plants"
0.125,"intra plants"
0.125,"intra plants"
0.125,"intra plants"
0.125,"intra plants"
0.125,"intra plants"
0.125,"intra plants"
1,"intra plants"
0.0135135135135135,"intra plants"
0.0135135135135135,"intra plants"
0.0135135135135135,"intra plants"
0.540540540540541,"intra plants"
0.0135135135135135,"intra plants"
0.0405405405405405,"intra plants"
0.0135135135135135,"intra plants"
0.0135135135135135,"intra plants"
0.0135135135135135,"intra plants"
0.0175438596491228,"intra plants"
0.0087719298245614,"intra plants"
0.0263157894736842,"intra plants"
0.087719298245614,"intra plants"
0.114035087719298,"intra plants"
0.184210526315789,"intra plants"
0.00476190476190476,"intra plants"
0.00476190476190476,"intra plants"
0.00476190476190476,"intra plants"
0.00476190476190476,"intra plants"
0.00952380952380952,"intra plants"
0.00476190476190476,"intra plants"
0.00476190476190476,"intra plants"
0.0238095238095238,"intra plants"
0.00952380952380952,"intra plants"
0.00952380952380952,"intra plants"
0.0285714285714286,"intra plants"
0.00476190476190476,"intra plants"
0.00476190476190476,"intra plants"
0.00952380952380952,"intra plants"
0.00952380952380952,"intra plants"
0.0333333333333333,"intra plants"
0.166666666666667,"intra plants"
0.00476190476190476,"intra plants"
0.00476190476190476,"intra plants"
0.019047619047619,"intra plants"
0.0571428571428571,"intra plants"
0.0142857142857143,"intra plants"
0.75,"intra plants"
0.25,"intra plants"
0.166666666666667,"intra plants"
0.166666666666667,"intra plants"
0.166666666666667,"intra plants"
0.166666666666667,"intra plants"
0.166666666666667,"intra plants"
0.112903225806452,"intra plants"
0.032258064516129,"intra plants"
0.0161290322580645,"intra plants"
0.0806451612903226,"intra plants"
0.0967741935483871,"intra plants"
0.0161290322580645,"intra plants"
0.0483870967741935,"intra plants"
0.0161290322580645,"intra plants"
0.0483870967741935,"intra plants"
0.0967741935483871,"intra plants"
0.0161290322580645,"intra plants"
0.0483870967741935,"intra plants"
0.0857142857142857,"intra plants"
0.0285714285714286,"intra plants"
0.285714285714286,"intra plants"
0.0285714285714286,"intra plants"
0.0857142857142857,"intra plants"
0.257142857142857,"intra plants"
0.0285714285714286,"intra plants"
0.0857142857142857,"intra plants"
0.0833333333333333,"intra plants"
0.0833333333333333,"intra plants"
0.125,"intra plants"
0.00746268656716418,"intra plants"
0.0298507462686567,"intra plants"
0.00746268656716418,"intra plants"
0.00746268656716418,"intra plants"
0.335820895522388,"intra plants"
0.0315457413249211,"intra plants"
0.0157728706624606,"intra plants"
0.0315457413249211,"intra plants"
0.00315457413249211,"intra plants"
0.00315457413249211,"intra plants"
0.0126182965299685,"intra plants"
0.00315457413249211,"intra plants"
0.00315457413249211,"intra plants"
0.00315457413249211,"intra plants"
0.167192429022082,"intra plants"
0.056782334384858,"intra plants"
0.00315457413249211,"intra plants"
0.0189274447949527,"intra plants"
0.00315457413249211,"intra plants"
0.0662460567823344,"intra plants"
0.0769230769230769,"intra plants"
0.153846153846154,"intra plants"
0.461538461538462,"intra plants"
0.021978021978022,"intra plants"
0.010989010989011,"intra plants"
0.010989010989011,"intra plants"
0.010989010989011,"intra plants"
0.032967032967033,"intra plants"
0.043956043956044,"intra plants"
0.021978021978022,"intra plants"
0.021978021978022,"intra plants"
0.010989010989011,"intra plants"
0.0659340659340659,"intra plants"
0.010989010989011,"intra plants"
0.010989010989011,"intra plants"
0.010989010989011,"intra plants"
0.0659340659340659,"intra plants"
0.010989010989011,"intra plants"
0.131868131868132,"intra plants"
0.010989010989011,"intra plants"
0.0769230769230769,"intra plants"
0.010989010989011,"intra plants"
0.032967032967033,"intra plants"
0.021978021978022,"intra plants"
0.021978021978022,"intra plants"
0.192307692307692,"intra plants"
0.0384615384615385,"intra plants"
0.0384615384615385,"intra plants"
0.0384615384615385,"intra plants"
0.0384615384615385,"intra plants"
0.0384615384615385,"intra plants"
0.166666666666667,"intra plants"
0.25,"intra plants"
0.25,"intra plants"
0.5,"intra plants"
0.00746268656716418,"intra plants"
0.0149253731343284,"intra plants"
0.0298507462686567,"intra plants"
0.0149253731343284,"intra plants"
0.00746268656716418,"intra plants"
0.462686567164179,"intra plants"
0.00746268656716418,"intra plants"
0.00746268656716418,"intra plants"
0.0597014925373134,"intra plants"
0.00630914826498423,"intra plants"
0.00315457413249211,"intra plants"
0.00946372239747634,"intra plants"
0.028391167192429,"intra plants"
0.0252365930599369,"intra plants"
0.00946372239747634,"intra plants"
0.00946372239747634,"intra plants"
0.00315457413249211,"intra plants"
0.28391167192429,"intra plants"
0.00315457413249211,"intra plants"
0.00630914826498423,"intra plants"
0.00946372239747634,"intra plants"
0.00630914826498423,"intra plants"
0.00315457413249211,"intra plants"
0.00315457413249211,"intra plants"
0.167192429022082,"intra plants"
0.0769230769230769,"intra plants"
0.230769230769231,"intra plants"
0.25,"intra plants"
0.25,"intra plants"
0.5,"intra plants"
0.021978021978022,"intra plants"
0.021978021978022,"intra plants"
0.010989010989011,"intra plants"
0.021978021978022,"intra plants"
0.032967032967033,"intra plants"
0.032967032967033,"intra plants"
0.032967032967033,"intra plants"
0.010989010989011,"intra plants"
0.010989010989011,"intra plants"
0.032967032967033,"intra plants"
0.010989010989011,"intra plants"
0.010989010989011,"intra plants"
0.010989010989011,"intra plants"
0.043956043956044,"intra plants"
0.021978021978022,"intra plants"
0.333333333333333,"intra plants"
0.333333333333333,"intra plants"
0.333333333333333,"intra plants"
0.230769230769231,"intra plants"
0.0384615384615385,"intra plants"
0.0384615384615385,"intra plants"
0.0769230769230769,"intra plants"
0.153846153846154,"intra plants"
0.0384615384615385,"intra plants"
0.0384615384615385,"intra plants"
0.666666666666667,"intra plants"
0.166666666666667,"intra plants"
0.00826446280991736,"intra plants"
0.28099173553719,"intra plants"
0.00826446280991736,"intra plants"
0.0661157024793388,"intra plants"
0.00826446280991736,"intra plants"
0.00826446280991736,"intra plants"
0.00826446280991736,"intra plants"
0.00826446280991736,"intra plants"
0.0247933884297521,"intra plants"
0.00826446280991736,"intra plants"
0.00826446280991736,"intra plants"
0.00826446280991736,"intra plants"
0.00826446280991736,"intra plants"
0.0290909090909091,"intra plants"
0.00363636363636364,"intra plants"
0.00363636363636364,"intra plants"
0.00363636363636364,"intra plants"
0.130909090909091,"intra plants"
0.0254545454545455,"intra plants"
0.00363636363636364,"intra plants"
0.00727272727272727,"intra plants"
0.0181818181818182,"intra plants"
0.00363636363636364,"intra plants"
0.00363636363636364,"intra plants"
0.00363636363636364,"intra plants"
0.287272727272727,"intra plants"
0.0404040404040404,"intra plants"
0.0707070707070707,"intra plants"
0.0101010101010101,"intra plants"
0.0404040404040404,"intra plants"
0.0101010101010101,"intra plants"
0.141414141414141,"intra plants"
0.0101010101010101,"intra plants"
0.0202020202020202,"intra plants"
0.0101010101010101,"intra plants"
0.0303030303030303,"intra plants"
0.0101010101010101,"intra plants"
0.0101010101010101,"intra plants"
0.0404040404040404,"intra plants"
0.0202020202020202,"intra plants"
0.0303030303030303,"intra plants"
0.0101010101010101,"intra plants"
0.0303030303030303,"intra plants"
0.0505050505050505,"intra plants"
0.0101010101010101,"intra plants"
0.027027027027027,"intra plants"
0.162162162162162,"intra plants"
0.432432432432432,"intra plants"
0.2,"intra plants"
0.4,"intra plants"
0.4,"intra plants"
0.0731707317073171,"intra plants"
0.121951219512195,"intra plants"
0.024390243902439,"intra plants"
0.0487804878048781,"intra plants"
0.024390243902439,"intra plants"
0.0909090909090909,"intra plants"
0.121212121212121,"intra plants"
0.0303030303030303,"intra plants"
0.0303030303030303,"intra plants"
0.0303030303030303,"intra plants"
0.0303030303030303,"intra plants"
0.0303030303030303,"intra plants"
0.0909090909090909,"intra plants"
0.0833333333333333,"intra plants"
0.0833333333333333,"intra plants"
0.0833333333333333,"intra plants"
0.0833333333333333,"intra plants"
0.0277777777777778,"intra plants"
0.0172413793103448,"intra plants"
0.206896551724138,"intra plants"
0.0172413793103448,"intra plants"
0.0344827586206897,"intra plants"
0.0172413793103448,"intra plants"
0.142857142857143,"intra plants"
0.0714285714285714,"intra plants"
0.642857142857143,"intra plants"
0.0714285714285714,"intra plants"
0.0714285714285714,"intra plants"
0.00826446280991736,"intra plants"
0.512396694214876,"intra plants"
0.0165289256198347,"intra plants"
0.00826446280991736,"intra plants"
0.0109090909090909,"intra plants"
0.00363636363636364,"intra plants"
0.00363636363636364,"intra plants"
0.00363636363636364,"intra plants"
0.156363636363636,"intra plants"
0.0109090909090909,"intra plants"
0.00363636363636364,"intra plants"
0.00363636363636364,"intra plants"
0.0181818181818182,"intra plants"
0.00363636363636364,"intra plants"
0.254545454545455,"intra plants"
0.00363636363636364,"intra plants"
0.0101010101010101,"intra plants"
0.0404040404040404,"intra plants"
0.282828282828283,"intra plants"
0.0404040404040404,"intra plants"
0.0101010101010101,"intra plants"
0.0101010101010101,"intra plants"
0.0101010101010101,"intra plants"
0.027027027027027,"intra plants"
0.0540540540540541,"intra plants"
0.027027027027027,"intra plants"
0.027027027027027,"intra plants"
0.243243243243243,"intra plants"
0.024390243902439,"intra plants"
0.24390243902439,"intra plants"
0.024390243902439,"intra plants"
0.0975609756097561,"intra plants"
0.024390243902439,"intra plants"
0.0975609756097561,"intra plants"
0.0487804878048781,"intra plants"
0.0731707317073171,"intra plants"
0.024390243902439,"intra plants"
0.0487804878048781,"intra plants"
1,"intra plants"
1,"intra plants"
0.0303030303030303,"intra plants"
0.272727272727273,"intra plants"
0.0303030303030303,"intra plants"
0.151515151515152,"intra plants"
0.0303030303030303,"intra plants"
0.0303030303030303,"intra plants"
0.0833333333333333,"intra plants"
0.277777777777778,"intra plants"
0.0277777777777778,"intra plants"
0.111111111111111,"intra plants"
0.0833333333333333,"intra plants"
0.0277777777777778,"intra plants"
0.0277777777777778,"intra plants"
0.0344827586206897,"intra plants"
0.551724137931034,"intra plants"
0.0172413793103448,"intra plants"
0.0517241379310345,"intra plants"
0.0517241379310345,"intra plants"
0.00892857142857143,"intra plants"
0.00892857142857143,"intra plants"
0.00892857142857143,"intra plants"
0.107142857142857,"intra plants"
1,"intra plants"
0.0441176470588235,"intra plants"
0.617647058823529,"intra plants"
0.0147058823529412,"intra plants"
0.0099009900990099,"intra plants"
0.0099009900990099,"intra plants"
0.366336633663366,"intra plants"
0.0099009900990099,"intra plants"
0.0099009900990099,"intra plants"
0.0099009900990099,"intra plants"
0.099009900990099,"intra plants"
0.0099009900990099,"intra plants"
0.0169491525423729,"intra plants"
0.0169491525423729,"intra plants"
0.372881355932203,"intra plants"
0.0338983050847458,"intra plants"
0.0169491525423729,"intra plants"
0.0169491525423729,"intra plants"
0.0169491525423729,"intra plants"
0.0169491525423729,"intra plants"
0.0169491525423729,"intra plants"
0.34375,"intra plants"
0.0625,"intra plants"
0.25,"intra plants"
0.0588235294117647,"intra plants"
0.0588235294117647,"intra plants"
0.235294117647059,"intra plants"
0.024390243902439,"intra plants"
0.024390243902439,"intra plants"
0.024390243902439,"intra plants"
0.024390243902439,"intra plants"
0.0487804878048781,"intra plants"
0.024390243902439,"intra plants"
0.0975609756097561,"intra plants"
0.0731707317073171,"intra plants"
0.5,"intra plants"
0.125,"intra plants"
0.0625,"intra plants"
0.0625,"intra plants"
0.0625,"intra plants"
0.0625,"intra plants"
0.0625,"intra plants"
0.0625,"intra plants"
0.333333333333333,"intra plants"
0.166666666666667,"intra plants"
0.5,"intra plants"
0.166666666666667,"intra plants"
0.0121212121212121,"intra plants"
0.357575757575758,"intra plants"
0.00606060606060606,"intra plants"
0.00606060606060606,"intra plants"
0.0181818181818182,"intra plants"
0.00606060606060606,"intra plants"
0.0121212121212121,"intra plants"
0.0181818181818182,"intra plants"
0.0545454545454545,"intra plants"
0.00606060606060606,"intra plants"
0.166666666666667,"intra plants"
0.666666666666667,"intra plants"
0.166666666666667,"intra plants"
0.125,"intra plants"
0.125,"intra plants"
0.375,"intra plants"
0.0526315789473684,"intra plants"
0.0175438596491228,"intra plants"
0.192982456140351,"intra plants"
0.0350877192982456,"intra plants"
0.0175438596491228,"intra plants"
0.0526315789473684,"intra plants"
0.00892857142857143,"intra plants"
0.0178571428571429,"intra plants"
0.00892857142857143,"intra plants"
0.00892857142857143,"intra plants"
0.00892857142857143,"intra plants"
0.0267857142857143,"intra plants"
0.00892857142857143,"intra plants"
0.0178571428571429,"intra plants"
0.0267857142857143,"intra plants"
0.0357142857142857,"intra plants"
0.00892857142857143,"intra plants"
0.00892857142857143,"intra plants"
0.25,"intra plants"
0.401785714285714,"intra plants"
0.0178571428571429,"intra plants"
0.00892857142857143,"intra plants"
0.0147058823529412,"intra plants"
0.264705882352941,"intra plants"
0.0294117647058824,"intra plants"
0.0147058823529412,"intra plants"
0.0198019801980198,"intra plants"
0.148514851485149,"intra plants"
0.0099009900990099,"intra plants"
0.108910891089109,"intra plants"
0.0099009900990099,"intra plants"
0.0198019801980198,"intra plants"
0.0198019801980198,"intra plants"
0.0099009900990099,"intra plants"
0.128712871287129,"intra plants"
0.0338983050847458,"intra plants"
0.0677966101694915,"intra plants"
0.0169491525423729,"intra plants"
0.0169491525423729,"intra plants"
0.0677966101694915,"intra plants"
0.0169491525423729,"intra plants"
0.0169491525423729,"intra plants"
0.0169491525423729,"intra plants"
0.0338983050847458,"intra plants"
0.0169491525423729,"intra plants"
0.0169491525423729,"intra plants"
0.0338983050847458,"intra plants"
0.0508474576271186,"intra plants"
0.0169491525423729,"intra plants"
0.0169491525423729,"intra plants"
0.0338983050847458,"intra plants"
1,"intra plants"
0.03125,"intra plants"
0.09375,"intra plants"
0.03125,"intra plants"
0.1875,"intra plants"
0.0588235294117647,"intra plants"
0.0588235294117647,"intra plants"
0.176470588235294,"intra plants"
0.117647058823529,"intra plants"
0.235294117647059,"intra plants"
0.024390243902439,"intra plants"
0.024390243902439,"intra plants"
0.024390243902439,"intra plants"
0.024390243902439,"intra plants"
0.024390243902439,"intra plants"
0.0731707317073171,"intra plants"
0.024390243902439,"intra plants"
0.170731707317073,"intra plants"
0.121951219512195,"intra plants"
0.0731707317073171,"intra plants"
0.0731707317073171,"intra plants"
0.166666666666667,"intra plants"
0.166666666666667,"intra plants"
0.166666666666667,"intra plants"
0.166666666666667,"intra plants"
0.166666666666667,"intra plants"
0.0727272727272727,"intra plants"
0.00606060606060606,"intra plants"
0.00606060606060606,"intra plants"
0.212121212121212,"intra plants"
0.0181818181818182,"intra plants"
0.0848484848484849,"intra plants"
0.00606060606060606,"intra plants"
0.0181818181818182,"intra plants"
0.00606060606060606,"intra plants"
0.0242424242424242,"intra plants"
0.0121212121212121,"intra plants"
0.00606060606060606,"intra plants"
0.0303030303030303,"intra plants"
0.125,"intra plants"
0.125,"intra plants"
0.125,"intra plants"
0.0175438596491228,"intra plants"
0.0175438596491228,"intra plants"
0.0350877192982456,"intra plants"
0.0175438596491228,"intra plants"
0.333333333333333,"intra plants"
0.0350877192982456,"intra plants"
0.0175438596491228,"intra plants"
0.0175438596491228,"intra plants"
0.140350877192982,"intra plants"
0.0075187969924812,"intra plants"
0.0526315789473684,"intra plants"
0.037593984962406,"intra plants"
0.0075187969924812,"intra plants"
0.0075187969924812,"intra plants"
0.0827067669172932,"intra plants"
0.0075187969924812,"intra plants"
0.0300751879699248,"intra plants"
0.0150375939849624,"intra plants"
0.0150375939849624,"intra plants"
0.0075187969924812,"intra plants"
0.0676691729323308,"intra plants"
0.0977443609022556,"intra plants"
0.0827067669172932,"intra plants"
0.25,"intra plants"
0.173076923076923,"intra plants"
0.153846153846154,"intra plants"
0.0192307692307692,"intra plants"
0.26605504587156,"intra plants"
0.018348623853211,"intra plants"
0.018348623853211,"intra plants"
0.00917431192660551,"intra plants"
0.00917431192660551,"intra plants"
0.08300395256917,"intra plants"
0.00395256916996047,"intra plants"
0.00395256916996047,"intra plants"
0.0790513833992095,"intra plants"
0.00395256916996047,"intra plants"
0.00395256916996047,"intra plants"
0.00790513833992095,"intra plants"
0.00395256916996047,"intra plants"
0.0316205533596838,"intra plants"
0.00790513833992095,"intra plants"
0.00790513833992095,"intra plants"
0.00395256916996047,"intra plants"
0.00395256916996047,"intra plants"
0.102766798418972,"intra plants"
0.0671936758893281,"intra plants"
0.305555555555556,"intra plants"
0.0277777777777778,"intra plants"
0.285714285714286,"intra plants"
0.012987012987013,"intra plants"
0.012987012987013,"intra plants"
0.025974025974026,"intra plants"
0.012987012987013,"intra plants"
0.519480519480519,"intra plants"
0.25,"intra plants"
0.0476190476190476,"intra plants"
0.0476190476190476,"intra plants"
0.476190476190476,"intra plants"
0.0476190476190476,"intra plants"
0.142857142857143,"intra plants"
0.0681818181818182,"intra plants"
0.136363636363636,"intra plants"
1,"intra plants"
0.00909090909090909,"intra plants"
0.00909090909090909,"intra plants"
0.445454545454545,"intra plants"
0.0272727272727273,"intra plants"
0.00909090909090909,"intra plants"
0.00909090909090909,"intra plants"
0.00909090909090909,"intra plants"
0.0434782608695652,"intra plants"
0.0434782608695652,"intra plants"
0.304347826086957,"intra plants"
0.0434782608695652,"intra plants"
0.0434782608695652,"intra plants"
0.176470588235294,"intra plants"
0.352941176470588,"intra plants"
0.117647058823529,"intra plants"
0.0588235294117647,"intra plants"
0.0588235294117647,"intra plants"
0.0075187969924812,"intra plants"
0.0601503759398496,"intra plants"
0.0225563909774436,"intra plants"
0.0075187969924812,"intra plants"
0.0300751879699248,"intra plants"
0.0075187969924812,"intra plants"
0.0075187969924812,"intra plants"
0.0225563909774436,"intra plants"
0.0225563909774436,"intra plants"
0.0150375939849624,"intra plants"
0.278195488721804,"intra plants"
1,"intra plants"
0.0769230769230769,"intra plants"
0.115384615384615,"intra plants"
0.0192307692307692,"intra plants"
0.0961538461538462,"intra plants"
0.0769230769230769,"intra plants"
0.0192307692307692,"intra plants"
0.25,"intra plants"
0.25,"intra plants"
0.5,"intra plants"
0.220183486238532,"intra plants"
0.00917431192660551,"intra plants"
0.00917431192660551,"intra plants"
0.00917431192660551,"intra plants"
0.0275229357798165,"intra plants"
0.321100917431193,"intra plants"
0.018348623853211,"intra plants"
0.0642201834862385,"intra plants"
0.075098814229249,"intra plants"
0.0158102766798419,"intra plants"
0.201581027667984,"intra plants"
0.00395256916996047,"intra plants"
0.00395256916996047,"intra plants"
0.0118577075098814,"intra plants"
0.0434782608695652,"intra plants"
0.0316205533596838,"intra plants"
0.00790513833992095,"intra plants"
0.00395256916996047,"intra plants"
0.00790513833992095,"intra plants"
0.0118577075098814,"intra plants"
0.16600790513834,"intra plants"
0.555555555555556,"intra plants"
0.0277777777777778,"intra plants"
0.0277777777777778,"intra plants"
0.0555555555555556,"intra plants"
0.025974025974026,"intra plants"
0.038961038961039,"intra plants"
0.0649350649350649,"intra plants"
0.727272727272727,"intra plants"
0.0909090909090909,"intra plants"
0.181818181818182,"intra plants"
1,"intra plants"
0.25,"intra plants"
0.25,"intra plants"
0.25,"intra plants"
0.142857142857143,"intra plants"
0.142857142857143,"intra plants"
0.142857142857143,"intra plants"
0.5,"intra plants"
0.0714285714285714,"intra plants"
0.0476190476190476,"intra plants"
0.0476190476190476,"intra plants"
0.0476190476190476,"intra plants"
0.0476190476190476,"intra plants"
0.0476190476190476,"intra plants"
0.363636363636364,"intra plants"
0.0909090909090909,"intra plants"
0.340909090909091,"intra plants"
0.191919191919192,"intra plants"
0.0707070707070707,"intra plants"
0.0303030303030303,"intra plants"
0.0101010101010101,"intra plants"
0.0707070707070707,"intra plants"
0.0909090909090909,"intra plants"
0.0505050505050505,"intra plants"
0.161616161616162,"intra plants"
0.101010101010101,"intra plants"
0.111111111111111,"intra plants"
0.0101010101010101,"intra plants"
0.0909090909090909,"intra plants"
0.0101010101010101,"intra plants"
0.00909090909090909,"intra plants"
0.0272727272727273,"intra plants"
0.327272727272727,"intra plants"
0.00909090909090909,"intra plants"
0.00909090909090909,"intra plants"
0.0181818181818182,"intra plants"
0.0727272727272727,"intra plants"
0.00909090909090909,"intra plants"
0.478260869565217,"intra plants"
0.0434782608695652,"intra plants"
0.0588235294117647,"intra plants"
0.0588235294117647,"intra plants"
0.0588235294117647,"intra plants"
0.0588235294117647,"intra plants"
0.0117647058823529,"intra plants"
0.0235294117647059,"intra plants"
0.0117647058823529,"intra plants"
0.0235294117647059,"intra plants"
0.0235294117647059,"intra plants"
0.0588235294117647,"intra plants"
0.0117647058823529,"intra plants"
0.0117647058823529,"intra plants"
0.0470588235294118,"intra plants"
0.0235294117647059,"intra plants"
0.0117647058823529,"intra plants"
0.0352941176470588,"intra plants"
0.0352941176470588,"intra plants"
0.0705882352941176,"intra plants"
0.0120481927710843,"intra plants"
0.36144578313253,"intra plants"
0.072289156626506,"intra plants"
0.036144578313253,"intra plants"
0.0120481927710843,"intra plants"
0.0120481927710843,"intra plants"
0.0240963855421687,"intra plants"
0.0120481927710843,"intra plants"
0.0816326530612245,"intra plants"
0.00680272108843537,"intra plants"
0.115646258503401,"intra plants"
0.00680272108843537,"intra plants"
0.0136054421768707,"intra plants"
0.0680272108843537,"intra plants"
0.00680272108843537,"intra plants"
0.00680272108843537,"intra plants"
0.102040816326531,"intra plants"
0.0298507462686567,"intra plants"
0.402985074626866,"intra plants"
0.0149253731343284,"intra plants"
0.0149253731343284,"intra plants"
0.0149253731343284,"intra plants"
0.0298507462686567,"intra plants"
0.25,"intra plants"
0.0188679245283019,"intra plants"
0.0377358490566038,"intra plants"
0.0188679245283019,"intra plants"
0.0188679245283019,"intra plants"
0.0188679245283019,"intra plants"
0.0188679245283019,"intra plants"
0.0377358490566038,"intra plants"
1,"intra plants"
0.159090909090909,"intra plants"
0.0113636363636364,"intra plants"
0.0227272727272727,"intra plants"
0.0340909090909091,"intra plants"
0.0340909090909091,"intra plants"
0.0113636363636364,"intra plants"
0.0185185185185185,"intra plants"
0.111111111111111,"intra plants"
0.0185185185185185,"intra plants"
0.037037037037037,"intra plants"
0.0555555555555556,"intra plants"
0.111111111111111,"intra plants"
0.2,"intra plants"
0.6,"intra plants"
0.2,"intra plants"
0.0476190476190476,"intra plants"
0.0476190476190476,"intra plants"
0.0476190476190476,"intra plants"
0.0952380952380952,"intra plants"
0.0952380952380952,"intra plants"
0.0476190476190476,"intra plants"
0.0117647058823529,"intra plants"
0.0588235294117647,"intra plants"
0.0235294117647059,"intra plants"
0.0588235294117647,"intra plants"
0.0470588235294118,"intra plants"
0.0117647058823529,"intra plants"
0.388235294117647,"intra plants"
0.5,"intra plants"
0.5,"intra plants"
0.0120481927710843,"intra plants"
0.120481927710843,"intra plants"
0.0120481927710843,"intra plants"
0.0120481927710843,"intra plants"
0.0843373493975904,"intra plants"
0.192771084337349,"intra plants"
0.0120481927710843,"intra plants"
0.0120481927710843,"intra plants"
0.0612244897959184,"intra plants"
0.0952380952380952,"intra plants"
0.00680272108843537,"intra plants"
0.0204081632653061,"intra plants"
0.115646258503401,"intra plants"
0.0272108843537415,"intra plants"
0.00680272108843537,"intra plants"
0.0748299319727891,"intra plants"
0.142857142857143,"intra plants"
0.0408163265306122,"intra plants"
0.358208955223881,"intra plants"
0.0149253731343284,"intra plants"
0.0149253731343284,"intra plants"
0.0149253731343284,"intra plants"
0.0149253731343284,"intra plants"
0.0149253731343284,"intra plants"
0.0597014925373134,"intra plants"
0.2,"intra plants"
0.1,"intra plants"
0.2,"intra plants"
0.3,"intra plants"
0.2,"intra plants"
0.25,"intra plants"
0.25,"intra plants"
0.25,"intra plants"
0.0188679245283019,"intra plants"
0.0943396226415094,"intra plants"
0.0188679245283019,"intra plants"
0.0188679245283019,"intra plants"
0.0188679245283019,"intra plants"
0.39622641509434,"intra plants"
0.0188679245283019,"intra plants"
0.0188679245283019,"intra plants"
0.0943396226415094,"intra plants"
0.0188679245283019,"intra plants"
0.0943396226415094,"intra plants"
0.0188679245283019,"intra plants"
0.285714285714286,"intra plants"
0.285714285714286,"intra plants"
0.285714285714286,"intra plants"
0.142857142857143,"intra plants"
0.125,"intra plants"
0.545454545454545,"intra plants"
0.0454545454545455,"intra plants"
0.0113636363636364,"intra plants"
0.0185185185185185,"intra plants"
0.166666666666667,"intra plants"
0.0185185185185185,"intra plants"
0.0555555555555556,"intra plants"
0.037037037037037,"intra plants"
0.0185185185185185,"intra plants"
0.0555555555555556,"intra plants"
0.037037037037037,"intra plants"
0.0185185185185185,"intra plants"
0.203703703703704,"intra plants"
0.0185185185185185,"intra plants"
0.0476190476190476,"intra plants"
0.142857142857143,"intra plants"
0.0476190476190476,"intra plants"
0.0476190476190476,"intra plants"
0.0476190476190476,"intra plants"
0.285714285714286,"intra plants"
1,"intra plants"
0.111111111111111,"intra plants"
0.0555555555555556,"intra plants"
0.0555555555555556,"intra plants"
0.0555555555555556,"intra plants"
0.0555555555555556,"intra plants"
0.166666666666667,"intra plants"
0.0555555555555556,"intra plants"
0.533333333333333,"intra plants"
0.45,"intra plants"
0.0166666666666667,"intra plants"
0.0166666666666667,"intra plants"
0.0333333333333333,"intra plants"
0.0166666666666667,"intra plants"
0.343511450381679,"intra plants"
0.00763358778625954,"intra plants"
0.0152671755725191,"intra plants"
0.0534351145038168,"intra plants"
0.0152671755725191,"intra plants"
0.00763358778625954,"intra plants"
0.137404580152672,"intra plants"
0.0119760479041916,"intra plants"
0.173652694610778,"intra plants"
0.00598802395209581,"intra plants"
0.0119760479041916,"intra plants"
0.0119760479041916,"intra plants"
0.0119760479041916,"intra plants"
0.00598802395209581,"intra plants"
0.0119760479041916,"intra plants"
0.00598802395209581,"intra plants"
0.0538922155688623,"intra plants"
0.0239520958083832,"intra plants"
0.00598802395209581,"intra plants"
0.029940119760479,"intra plants"
0.0119760479041916,"intra plants"
0.00598802395209581,"intra plants"
0.00598802395209581,"intra plants"
0.00598802395209581,"intra plants"
0.0119760479041916,"intra plants"
0.00598802395209581,"intra plants"
0.00598802395209581,"intra plants"
0.0119760479041916,"intra plants"
0.1,"intra plants"
0.1,"intra plants"
0.1,"intra plants"
0.1,"intra plants"
0.1,"intra plants"
0.1,"intra plants"
0.4,"intra plants"
0.363636363636364,"intra plants"
0.012987012987013,"intra plants"
0.012987012987013,"intra plants"
0.012987012987013,"intra plants"
0.5,"intra plants"
0.125,"intra plants"
0.166666666666667,"intra plants"
0.0555555555555556,"intra plants"
0.0555555555555556,"intra plants"
0.111111111111111,"intra plants"
0.0555555555555556,"intra plants"
0.333333333333333,"intra plants"
0.0666666666666667,"intra plants"
0.0666666666666667,"intra plants"
0.4,"intra plants"
0.0166666666666667,"intra plants"
0.0166666666666667,"intra plants"
0.0166666666666667,"intra plants"
0.0166666666666667,"intra plants"
0.152671755725191,"intra plants"
0.00763358778625954,"intra plants"
0.00763358778625954,"intra plants"
0.00763358778625954,"intra plants"
0.00763358778625954,"intra plants"
0.00763358778625954,"intra plants"
0.00763358778625954,"intra plants"
0.0152671755725191,"intra plants"
0.00763358778625954,"intra plants"
0.00763358778625954,"intra plants"
0.00763358778625954,"intra plants"
0.183206106870229,"intra plants"
0.00598802395209581,"intra plants"
0.251497005988024,"intra plants"
0.0119760479041916,"intra plants"
0.00598802395209581,"intra plants"
0.00598802395209581,"intra plants"
0.0658682634730539,"intra plants"
0.00598802395209581,"intra plants"
0.00598802395209581,"intra plants"
0.0179640718562874,"intra plants"
0.0179640718562874,"intra plants"
0.0359281437125748,"intra plants"
0.0538922155688623,"intra plants"
0.0239520958083832,"intra plants"
0.029940119760479,"intra plants"
0.00598802395209581,"intra plants"
0.00598802395209581,"intra plants"
0.00598802395209581,"intra plants"
0.0119760479041916,"intra plants"
0.558441558441558,"intra plants"
0.012987012987013,"intra plants"
0.012987012987013,"intra plants"
0.012987012987013,"intra plants"
0.444444444444444,"intra plants"
0.111111111111111,"intra plants"
0.222222222222222,"intra plants"
0.222222222222222,"intra plants"
0.25,"intra plants"
0.125,"intra plants"
1,"intra plants"
0.142857142857143,"intra plants"
0.714285714285714,"intra plants"
0.142857142857143,"intra plants"
0.5,"intra pollinators"
0.333333333333333,"intra pollinators"
1,"intra pollinators"
0.275,"intra pollinators"
0.0769230769230769,"intra pollinators"
0.028169014084507,"intra pollinators"
0.333333333333333,"intra pollinators"
0.0909090909090909,"intra pollinators"
0.025,"intra pollinators"
0.111111111111111,"intra pollinators"
0.285714285714286,"intra pollinators"
0.681818181818182,"intra pollinators"
0.352941176470588,"intra pollinators"
0.5,"intra pollinators"
1,"intra pollinators"
0.0909090909090909,"intra pollinators"
1,"intra pollinators"
0.142857142857143,"intra pollinators"
0.45,"intra pollinators"
1,"intra pollinators"
0.5,"intra pollinators"
0.222222222222222,"intra pollinators"
0.0476190476190476,"intra pollinators"
0.5,"intra pollinators"
0.666666666666667,"intra pollinators"
0.408450704225352,"intra pollinators"
0.220588235294118,"intra pollinators"
0.675675675675676,"intra pollinators"
1,"intra pollinators"
0.0147058823529412,"intra pollinators"
0.0476190476190476,"intra pollinators"
0.3,"intra pollinators"
0.636363636363636,"intra pollinators"
1,"intra pollinators"
1,"intra pollinators"
0.75,"intra pollinators"
0.5,"intra pollinators"
1,"intra pollinators"
1,"intra pollinators"
0.5,"intra pollinators"
0.025,"intra pollinators"
1,"intra pollinators"
0.857142857142857,"intra pollinators"
0.2,"intra pollinators"
0.333333333333333,"intra pollinators"
1,"intra pollinators"
0.333333333333333,"intra pollinators"
0.0769230769230769,"intra pollinators"
0.0476190476190476,"intra pollinators"
0.0563380281690141,"intra pollinators"
0.1,"intra pollinators"
0.333333333333333,"intra pollinators"
0.5,"intra pollinators"
1,"intra pollinators"
1,"intra pollinators"
0.0476190476190476,"intra pollinators"
0.25,"intra pollinators"
0.0147058823529412,"intra pollinators"
1,"intra pollinators"
0.0909090909090909,"intra pollinators"
0.025,"intra pollinators"
0.769230769230769,"intra pollinators"
0.333333333333333,"intra pollinators"
1,"intra pollinators"
0.5,"intra pollinators"
1,"intra pollinators"
0.142857142857143,"intra pollinators"
0.666666666666667,"intra pollinators"
1,"intra pollinators"
0.075,"intra pollinators"
0.476190476190476,"intra pollinators"
0.295454545454545,"intra pollinators"
0.308823529411765,"intra pollinators"
0.5,"intra pollinators"
0.333333333333333,"intra pollinators"
1,"intra pollinators"
0.0909090909090909,"intra pollinators"
1,"intra pollinators"
0.142857142857143,"intra pollinators"
0.111111111111111,"intra pollinators"
0.125,"intra pollinators"
0.5,"intra pollinators"
1,"intra pollinators"
0.666666666666667,"intra pollinators"
1,"intra pollinators"
0.0476190476190476,"intra pollinators"
0.666666666666667,"intra pollinators"
0.333333333333333,"intra pollinators"
1,"intra pollinators"
0.492957746478873,"intra pollinators"
1,"intra pollinators"
0.0147058823529412,"intra pollinators"
1,"intra pollinators"
0.324324324324324,"intra pollinators"
0.375,"intra pollinators"
0.3,"intra pollinators"
1,"intra pollinators"
0.1,"intra pollinators"
0.25,"intra pollinators"
0.0909090909090909,"intra pollinators"
0.111111111111111,"intra pollinators"
0.0147058823529412,"intra pollinators"
0.7,"intra pollinators"
1,"intra pollinators"
0.25,"intra pollinators"
0.714285714285714,"intra pollinators"
0.666666666666667,"intra pollinators"
0.0192307692307692,"intra pollinators"
1,"intra pollinators"
0.0140845070422535,"intra pollinators"
1,"intra pollinators"
1,"intra pollinators"
0.125,"intra pollinators"
1,"intra pollinators"
0.3,"intra pollinators"
1,"intra pollinators"
0.909090909090909,"intra pollinators"
0.111111111111111,"intra pollinators"
0.0576923076923077,"intra pollinators"
1,"intra pollinators"
0.0227272727272727,"intra pollinators"
0.0441176470588235,"intra pollinators"
0.333333333333333,"intra pollinators"
1,"intra pollinators"
0.0147058823529412,"intra pollinators"
1,"intra pollinators"
0.137931034482759,"intra pollinators"
0.166666666666667,"intra pollinators"
1,"intra pollinators"
0.17175572519084,"intra pollinators"
0.769230769230769,"intra pollinators"
0.263157894736842,"intra pollinators"
0.344827586206897,"intra pollinators"
1,"intra pollinators"
1,"intra pollinators"
0.25,"intra pollinators"
1,"intra pollinators"
1,"intra pollinators"
1,"intra pollinators"
0.202290076335878,"intra pollinators"
0.947368421052632,"intra pollinators"
1,"intra pollinators"
0.25,"intra pollinators"
1,"intra pollinators"
0.276315789473684,"intra pollinators"
0.2,"intra pollinators"
0.222222222222222,"intra pollinators"
0.428571428571429,"intra pollinators"
0.5,"intra pollinators"
0.0666666666666667,"intra pollinators"
0.0769230769230769,"intra pollinators"
1,"intra pollinators"
0.157894736842105,"intra pollinators"
0.137931034482759,"intra pollinators"
0.5,"intra pollinators"
0.25,"intra pollinators"
1,"intra pollinators"
1,"intra pollinators"
0.2,"intra pollinators"
1,"intra pollinators"
1,"intra pollinators"
0.375,"intra pollinators"
1,"intra pollinators"
0.0458015267175573,"intra pollinators"
1,"intra pollinators"
0.875,"intra pollinators"
0.5,"intra pollinators"
0.125,"intra pollinators"
0.142857142857143,"intra pollinators"
0.5,"intra pollinators"
0.333333333333333,"intra pollinators"
0.125,"intra pollinators"
1,"intra pollinators"
0.0131578947368421,"intra pollinators"
0.0714285714285714,"intra pollinators"
1,"intra pollinators"
0.5,"intra pollinators"
0.0666666666666667,"intra pollinators"
0.5,"intra pollinators"
0.222222222222222,"intra pollinators"
0.0769230769230769,"intra pollinators"
0.0689655172413793,"intra pollinators"
1,"intra pollinators"
0.333333333333333,"intra pollinators"
0.2,"intra pollinators"
0.236641221374046,"intra pollinators"
0.111111111111111,"intra pollinators"
0.0526315789473684,"intra pollinators"
0.333333333333333,"intra pollinators"
0.5,"intra pollinators"
0.0769230769230769,"intra pollinators"
1,"intra pollinators"
0.473684210526316,"intra pollinators"
0.275862068965517,"intra pollinators"
1,"intra pollinators"
0.1875,"intra pollinators"
1,"intra pollinators"
0.343511450381679,"intra pollinators"
1,"intra pollinators"
1,"intra pollinators"
0.333333333333333,"intra pollinators"
0.0833333333333333,"intra pollinators"
1,"intra pollinators"
0.5,"intra pollinators"
0.697368421052632,"intra pollinators"
1,"intra pollinators"
0.214285714285714,"intra pollinators"
1,"intra pollinators"
1,"intra pollinators"
0.142857142857143,"intra pollinators"
1,"intra pollinators"
0.133333333333333,"intra pollinators"
1,"intra pollinators"
0.5,"intra pollinators"
1,"intra pollinators"
0.5,"intra pollinators"
1,"intra pollinators"
1,"intra pollinators"
0.2,"intra pollinators"
0.1875,"intra pollinators"
0.125,"intra pollinators"
0.111111111111111,"intra pollinators"
0.5,"intra pollinators"
0.166666666666667,"intra pollinators"
0.5,"intra pollinators"
0.0526315789473684,"intra pollinators"
0.125,"intra pollinators"
1,"intra pollinators"
0.4,"intra pollinators"
0.0526315789473684,"intra pollinators"
0.0344827586206897,"intra pollinators"
0.4,"intra pollinators"
0.8,"intra pollinators"
0.0416666666666667,"intra pollinators"
0.0131578947368421,"intra pollinators"
0.5,"intra pollinators"
0.5,"intra pollinators"
0.125,"intra pollinators"
0.122302158273381,"intra pollinators"
1,"intra pollinators"
0.470588235294118,"intra pollinators"
0.166666666666667,"intra pollinators"
1,"intra pollinators"
0.0476190476190476,"intra pollinators"
0.142857142857143,"intra pollinators"
0.166666666666667,"intra pollinators"
0.0666666666666667,"intra pollinators"
0.333333333333333,"intra pollinators"
0.5,"intra pollinators"
0.00628930817610063,"intra pollinators"
0.266666666666667,"intra pollinators"
0.125,"intra pollinators"
0.25,"intra pollinators"
0.04,"intra pollinators"
0.129496402877698,"intra pollinators"
0.411764705882353,"intra pollinators"
0.0588235294117647,"intra pollinators"
0.0952380952380952,"intra pollinators"
0.277777777777778,"intra pollinators"
0.0666666666666667,"intra pollinators"
0.333333333333333,"intra pollinators"
0.5,"intra pollinators"
0.49685534591195,"intra pollinators"
0.133333333333333,"intra pollinators"
0.875,"intra pollinators"
0.05,"intra pollinators"
0.16,"intra pollinators"
1,"intra pollinators"
0.0503597122302158,"intra pollinators"
0.0588235294117647,"intra pollinators"
0.333333333333333,"intra pollinators"
1,"intra pollinators"
0.75,"intra pollinators"
1,"intra pollinators"
1,"intra pollinators"
0.5,"intra pollinators"
0.0952380952380952,"intra pollinators"
0.428571428571429,"intra pollinators"
1,"intra pollinators"
0.166666666666667,"intra pollinators"
0.333333333333333,"intra pollinators"
0.5,"intra pollinators"
0.04,"intra pollinators"
0.352941176470588,"intra pollinators"
0.551724137931034,"intra pollinators"
0.00359712230215827,"intra pollinators"
0.5,"intra pollinators"
0.0689655172413793,"intra pollinators"
0.75,"intra pollinators"
0.2,"intra pollinators"
0.5,"intra pollinators"
0.5,"intra pollinators"
0.0344827586206897,"intra pollinators"
0.75,"intra pollinators"
0.2,"intra pollinators"
1,"intra pollinators"
0.125,"intra pollinators"
0.00359712230215827,"intra pollinators"
0.25,"intra pollinators"
0.0588235294117647,"intra pollinators"
0.142857142857143,"intra pollinators"
0.12,"intra pollinators"
0.0107913669064748,"intra pollinators"
0.5,"intra pollinators"
0.176470588235294,"intra pollinators"
0.0666666666666667,"intra pollinators"
0.0333333333333333,"intra pollinators"
0.0431654676258993,"intra pollinators"
1,"intra pollinators"
0.111111111111111,"intra pollinators"
0.0666666666666667,"intra pollinators"
0.08,"intra pollinators"
1,"intra pollinators"
0.0566037735849057,"intra pollinators"
0.0344827586206897,"intra pollinators"
0.5,"intra pollinators"
1,"intra pollinators"
0.223021582733813,"intra pollinators"
0.111111111111111,"intra pollinators"
0.0666666666666667,"intra pollinators"
0.1,"intra pollinators"
1,"intra pollinators"
0.125,"intra pollinators"
0.04,"intra pollinators"
0.154676258992806,"intra pollinators"
1,"intra pollinators"
0.0588235294117647,"intra pollinators"
0.0588235294117647,"intra pollinators"
0.333333333333333,"intra pollinators"
1,"intra pollinators"
0.440251572327044,"intra pollinators"
0.5,"intra pollinators"
1,"intra pollinators"
0.133333333333333,"intra pollinators"
0.100719424460432,"intra pollinators"
0.5,"intra pollinators"
0.0476190476190476,"intra pollinators"
0.333333333333333,"intra pollinators"
0.5,"intra pollinators"
0.125,"intra pollinators"
0.08,"intra pollinators"
0.00359712230215827,"intra pollinators"
0.0588235294117647,"intra pollinators"
0.310344827586207,"intra pollinators"
1,"intra pollinators"
0.333333333333333,"intra pollinators"
0.125,"intra pollinators"
0.16,"intra pollinators"
0.5,"intra pollinators"
0.19047619047619,"intra pollinators"
1,"intra pollinators"
0.75,"intra pollinators"
1,"intra pollinators"
1,"intra pollinators"
0.3,"intra pollinators"
1,"intra pollinators"
0.25,"intra pollinators"
0.45,"intra pollinators"
0.00359712230215827,"intra pollinators"
0.238095238095238,"intra pollinators"
0.25,"intra pollinators"
0.5,"intra pollinators"
0.375,"intra pollinators"
0.0359712230215827,"intra pollinators"
0.5,"intra pollinators"
0.235294117647059,"intra pollinators"
0.142857142857143,"intra pollinators"
1,"intra pollinators"
1,"intra pollinators"
0.08,"intra pollinators"
0.115107913669065,"intra pollinators"
1,"intra pollinators"
0.428571428571429,"intra pollinators"
0.166666666666667,"intra pollinators"
0.5,"intra pollinators"
0.5,"intra pollinators"
0.5,"intra pollinators"
0.1875,"intra pollinators"
0.00833333333333333,"intra pollinators"
0.6,"intra pollinators"
0.175,"intra pollinators"
1,"intra pollinators"
0.0476190476190476,"intra pollinators"
1,"intra pollinators"
0.154166666666667,"intra pollinators"
0.5,"intra pollinators"
0.5,"intra pollinators"
0.111111111111111,"intra pollinators"
0.256410256410256,"intra pollinators"
0.015625,"intra pollinators"
0.0476190476190476,"intra pollinators"
0.1,"intra pollinators"
0.0916666666666667,"intra pollinators"
0.5,"intra pollinators"
1,"intra pollinators"
1,"intra pollinators"
0.333333333333333,"intra pollinators"
0.25,"intra pollinators"
0.015625,"intra pollinators"
0.0458333333333333,"intra pollinators"
0.0869565217391304,"intra pollinators"
0.205128205128205,"intra pollinators"
0.0256410256410256,"intra pollinators"
0.015625,"intra pollinators"
0.0579710144927536,"intra pollinators"
0.25,"intra pollinators"
0.00416666666666667,"intra pollinators"
0.5,"intra pollinators"
1,"intra pollinators"
1,"intra pollinators"
0.111111111111111,"intra pollinators"
0.102564102564103,"intra pollinators"
0.5,"intra pollinators"
1,"intra pollinators"
1,"intra pollinators"
0.1,"intra pollinators"
0.00416666666666667,"intra pollinators"
0.111111111111111,"intra pollinators"
1,"intra pollinators"
1,"intra pollinators"
0.0256410256410256,"intra pollinators"
0.00833333333333333,"intra pollinators"
0.5,"intra pollinators"
0.0125,"intra pollinators"
0.0256410256410256,"intra pollinators"
1,"intra pollinators"
0.245833333333333,"intra pollinators"
0.0263157894736842,"intra pollinators"
0.111111111111111,"intra pollinators"
0.157894736842105,"intra pollinators"
0.166666666666667,"intra pollinators"
1,"intra pollinators"
0.428571428571429,"intra pollinators"
0.818181818181818,"intra pollinators"
0.25,"intra pollinators"
0.1,"intra pollinators"
0.0166666666666667,"intra pollinators"
0.0256410256410256,"intra pollinators"
0.111111111111111,"intra pollinators"
0.0256410256410256,"intra pollinators"
0.046875,"intra pollinators"
0.0125,"intra pollinators"
0.111111111111111,"intra pollinators"
0.323529411764706,"intra pollinators"
0.0869565217391304,"intra pollinators"
0.5,"intra pollinators"
0.0769230769230769,"intra pollinators"
0.0476190476190476,"intra pollinators"
0.5,"intra pollinators"
1,"intra pollinators"
1,"intra pollinators"
1,"intra pollinators"
0.0882352941176471,"intra pollinators"
0.5,"intra pollinators"
1,"intra pollinators"
0.130434782608696,"intra pollinators"
1,"intra pollinators"
1,"intra pollinators"
0.0256410256410256,"intra pollinators"
0.4375,"intra pollinators"
0.652173913043478,"intra pollinators"
1,"intra pollinators"
1,"intra pollinators"
0.1,"intra pollinators"
0.075,"intra pollinators"
0.0526315789473684,"intra pollinators"
0.015625,"intra pollinators"
0.4,"intra pollinators"
0.714285714285714,"intra pollinators"
1,"intra pollinators"
0.0458333333333333,"intra pollinators"
1,"intra pollinators"
1,"intra pollinators"
0.0869565217391304,"intra pollinators"
1,"intra pollinators"
0.203125,"intra pollinators"
0.0952380952380952,"intra pollinators"
0.4,"intra pollinators"
1,"intra pollinators"
1,"intra pollinators"
0.0166666666666667,"intra pollinators"
1,"intra pollinators"
0.25,"intra pollinators"
1,"intra pollinators"
0.105263157894737,"intra pollinators"
1,"intra pollinators"
0.166666666666667,"intra pollinators"
0.666666666666667,"intra pollinators"
0.130434782608696,"intra pollinators"
1,"intra pollinators"
0.166666666666667,"intra pollinators"
0.5,"intra pollinators"
0.0434782608695652,"intra pollinators"
1,"intra pollinators"
0.0125,"intra pollinators"
0.5,"intra pollinators"
0.153846153846154,"intra pollinators"
0.1,"intra pollinators"
0.00416666666666667,"intra pollinators"
0.130434782608696,"intra pollinators"
0.03125,"intra pollinators"
0.0579710144927536,"intra pollinators"
0.0476190476190476,"intra pollinators"
0.00416666666666667,"intra pollinators"
0.5,"intra pollinators"
0.25,"intra pollinators"
0.5,"intra pollinators"
0.333333333333333,"intra pollinators"
0.0294117647058824,"intra pollinators"
0.304347826086957,"intra pollinators"
0.072463768115942,"intra pollinators"
1,"intra pollinators"
0.5,"intra pollinators"
0.5,"intra pollinators"
1,"intra pollinators"
1,"intra pollinators"
0.0256410256410256,"intra pollinators"
0.00416666666666667,"intra pollinators"
0.05,"intra pollinators"
1,"intra pollinators"
1,"intra pollinators"
0.921052631578947,"intra pollinators"
1,"intra pollinators"
0.736842105263158,"intra pollinators"
0.5,"intra pollinators"
0.5,"intra pollinators"
0.0434782608695652,"intra pollinators"
0.571428571428571,"intra pollinators"
0.181818181818182,"intra pollinators"
0.5,"intra pollinators"
0.833333333333333,"intra pollinators"
1,"intra pollinators"
0.166666666666667,"intra pollinators"
0.015625,"intra pollinators"
0.1,"intra pollinators"
0.25,"intra pollinators"
0.00833333333333333,"intra pollinators"
0.5,"intra pollinators"
0.558823529411765,"intra pollinators"
1,"intra pollinators"
0.0256410256410256,"intra pollinators"
0.015625,"intra pollinators"
0.115942028985507,"intra pollinators"
1,"intra pollinators"
0.0198863636363636,"intra pollinators"
0.263157894736842,"intra pollinators"
1,"intra pollinators"
1,"intra pollinators"
0.275,"intra pollinators"
0.0769230769230769,"intra pollinators"
0.137931034482759,"intra pollinators"
1,"intra pollinators"
1,"intra pollinators"
0.0666666666666667,"intra pollinators"
0.1125,"intra pollinators"
0.160493827160494,"intra pollinators"
0.161764705882353,"intra pollinators"
0.0369318181818182,"intra pollinators"
0.310344827586207,"intra pollinators"
0.615384615384615,"intra pollinators"
0.025,"intra pollinators"
0.0823863636363636,"intra pollinators"
0.0869565217391304,"intra pollinators"
0.05,"intra pollinators"
1,"intra pollinators"
0.0833333333333333,"intra pollinators"
0.223404255319149,"intra pollinators"
0.5,"intra pollinators"
1,"intra pollinators"
0.0568181818181818,"intra pollinators"
1,"intra pollinators"
1,"intra pollinators"
0.105263157894737,"intra pollinators"
0.05,"intra pollinators"
0.347826086956522,"intra pollinators"
0.05,"intra pollinators"
0.05,"intra pollinators"
0.166666666666667,"intra pollinators"
1,"intra pollinators"
0.325,"intra pollinators"
0.25,"intra pollinators"
0.03125,"intra pollinators"
0.0526315789473684,"intra pollinators"
0.234042553191489,"intra pollinators"
0.0476190476190476,"intra pollinators"
0.00284090909090909,"intra pollinators"
0.4,"intra pollinators"
0.025,"intra pollinators"
0.493827160493827,"intra pollinators"
0.0526315789473684,"intra pollinators"
1,"intra pollinators"
0.0106382978723404,"intra pollinators"
0.476190476190476,"intra pollinators"
0.00284090909090909,"intra pollinators"
0.075,"intra pollinators"
0.00852272727272727,"intra pollinators"
0.0740740740740741,"intra pollinators"
0.0284090909090909,"intra pollinators"
0.0106382978723404,"intra pollinators"
0.5,"intra pollinators"
0.139204545454545,"intra pollinators"
0.15,"intra pollinators"
1,"intra pollinators"
0.111111111111111,"intra pollinators"
0.166666666666667,"intra pollinators"
0.0106382978723404,"intra pollinators"
0.5,"intra pollinators"
0.0198863636363636,"intra pollinators"
0.333333333333333,"intra pollinators"
0.166666666666667,"intra pollinators"
0.0319148936170213,"intra pollinators"
0.0170454545454545,"intra pollinators"
0.05,"intra pollinators"
0.0769230769230769,"intra pollinators"
1,"intra pollinators"
0.5,"intra pollinators"
0.0227272727272727,"intra pollinators"
0.157894736842105,"intra pollinators"
1,"intra pollinators"
0.1,"intra pollinators"
1,"intra pollinators"
1,"intra pollinators"
0.2,"intra pollinators"
0.0375,"intra pollinators"
0.0246913580246914,"intra pollinators"
0.544117647058823,"intra pollinators"
0.142857142857143,"intra pollinators"
0.0425531914893617,"intra pollinators"
0.0170454545454545,"intra pollinators"
0.05,"intra pollinators"
0.172413793103448,"intra pollinators"
0.307692307692308,"intra pollinators"
0.0666666666666667,"intra pollinators"
0.00284090909090909,"intra pollinators"
1,"intra pollinators"
0.0294117647058824,"intra pollinators"
0.0681818181818182,"intra pollinators"
1,"intra pollinators"
1,"intra pollinators"
0.05,"intra pollinators"
0.6,"intra pollinators"
0.875,"intra pollinators"
1,"intra pollinators"
0.583333333333333,"intra pollinators"
0.202127659574468,"intra pollinators"
1,"intra pollinators"
0.144886363636364,"intra pollinators"
1,"intra pollinators"
0.333333333333333,"intra pollinators"
0.15,"intra pollinators"
0.478260869565217,"intra pollinators"
0.8,"intra pollinators"
0.666666666666667,"intra pollinators"
1,"intra pollinators"
0.333333333333333,"intra pollinators"
0.25,"intra pollinators"
0.525,"intra pollinators"
0.0568181818181818,"intra pollinators"
0.05,"intra pollinators"
0.142857142857143,"intra pollinators"
0.2,"intra pollinators"
0.00568181818181818,"intra pollinators"
0.6,"intra pollinators"
0.0617283950617284,"intra pollinators"
0.0227272727272727,"intra pollinators"
1,"intra pollinators"
1,"intra pollinators"
0.025,"intra pollinators"
0.2,"intra pollinators"
0.0666666666666667,"intra pollinators"
1,"intra pollinators"
0.666666666666667,"intra pollinators"
0.0952380952380952,"intra pollinators"
0.666666666666667,"intra pollinators"
0.0198863636363636,"intra pollinators"
0.0769230769230769,"intra pollinators"
0.333333333333333,"intra pollinators"
0.0476190476190476,"intra pollinators"
0.333333333333333,"intra pollinators"
0.00284090909090909,"intra pollinators"
0.0833333333333333,"intra pollinators"
0.0454545454545455,"intra pollinators"
1,"intra pollinators"
0.185185185185185,"intra pollinators"
0.202127659574468,"intra pollinators"
0.333333333333333,"intra pollinators"
0.00852272727272727,"intra pollinators"
0.333333333333333,"intra pollinators"
0.368421052631579,"intra pollinators"
0.45,"intra pollinators"
0.714285714285714,"intra pollinators"
0.4,"intra pollinators"
0.769230769230769,"intra pollinators"
0.379310344827586,"intra pollinators"
0.0769230769230769,"intra pollinators"
0.6,"intra pollinators"
0.0147058823529412,"intra pollinators"
1,"intra pollinators"
0.0319148936170213,"intra pollinators"
0.102272727272727,"intra pollinators"
1,"intra pollinators"
0.05,"intra pollinators"
0.0869565217391304,"intra pollinators"
0.888888888888889,"intra pollinators"
1,"intra pollinators"
0.03125,"intra pollinators"
0.166666666666667,"intra pollinators"
0.00284090909090909,"intra pollinators"
0.333333333333333,"intra pollinators"
1,"intra pollinators"
0.2,"intra pollinators"
0.5,"intra pollinators"
0.181818181818182,"intra pollinators"
1,"intra pollinators"
0.0102040816326531,"intra pollinators"
1,"intra pollinators"
0.108695652173913,"intra pollinators"
0.2,"intra pollinators"
0.5,"intra pollinators"
0.210526315789474,"intra pollinators"
1,"intra pollinators"
1,"intra pollinators"
0.0882352941176471,"intra pollinators"
0.0526315789473684,"intra pollinators"
0.1875,"intra pollinators"
1,"intra pollinators"
0.153061224489796,"intra pollinators"
0.146341463414634,"intra pollinators"
0.0483870967741935,"intra pollinators"
1,"intra pollinators"
0.25,"intra pollinators"
0.105263157894737,"intra pollinators"
0.0294117647058824,"intra pollinators"
0.0612244897959184,"intra pollinators"
0.5,"intra pollinators"
0.414634146341463,"intra pollinators"
1,"intra pollinators"
0.4,"intra pollinators"
0.161290322580645,"intra pollinators"
0.0526315789473684,"intra pollinators"
0.0294117647058824,"intra pollinators"
0.263157894736842,"intra pollinators"
0.125,"intra pollinators"
0.137755102040816,"intra pollinators"
0.333333333333333,"intra pollinators"
0.5,"intra pollinators"
0.5,"intra pollinators"
0.105263157894737,"intra pollinators"
0.03125,"intra pollinators"
0.1,"intra pollinators"
0.181818181818182,"intra pollinators"
0.5,"intra pollinators"
1,"intra pollinators"
0.0476190476190476,"intra pollinators"
0.0217391304347826,"intra pollinators"
0.0625,"intra pollinators"
0.0102040816326531,"intra pollinators"
0.0714285714285714,"intra pollinators"
0.0217391304347826,"intra pollinators"
1,"intra pollinators"
0.6,"intra pollinators"
0.0483870967741935,"intra pollinators"
1,"intra pollinators"
0.0909090909090909,"intra pollinators"
0.130434782608696,"intra pollinators"
0.2,"intra pollinators"
0.032258064516129,"intra pollinators"
0.0882352941176471,"intra pollinators"
0.1875,"intra pollinators"
0.1,"intra pollinators"
0.0652173913043478,"intra pollinators"
0.0526315789473684,"intra pollinators"
0.0625,"intra pollinators"
1,"intra pollinators"
0.333333333333333,"intra pollinators"
0.0952380952380952,"intra pollinators"
0.5,"intra pollinators"
0.5,"intra pollinators"
0.5,"intra pollinators"
0.454545454545455,"intra pollinators"
0.0434782608695652,"intra pollinators"
0.833333333333333,"intra pollinators"
0.210526315789474,"intra pollinators"
0.0294117647058824,"intra pollinators"
0.578947368421053,"intra pollinators"
0.333333333333333,"intra pollinators"
1,"intra pollinators"
0.0909090909090909,"intra pollinators"
0.0510204081632653,"intra pollinators"
0.024390243902439,"intra pollinators"
1,"intra pollinators"
0.333333333333333,"intra pollinators"
0.258064516129032,"intra pollinators"
1,"intra pollinators"
0.0526315789473684,"intra pollinators"
1,"intra pollinators"
0.0714285714285714,"intra pollinators"
1,"intra pollinators"
1,"intra pollinators"
0.414634146341463,"intra pollinators"
0.19047619047619,"intra pollinators"
0.0217391304347826,"intra pollinators"
0.17741935483871,"intra pollinators"
0.617647058823529,"intra pollinators"
0.105263157894737,"intra pollinators"
0.122448979591837,"intra pollinators"
1,"intra pollinators"
1,"intra pollinators"
0.0476190476190476,"intra pollinators"
0.5,"intra pollinators"
0.25,"intra pollinators"
0.210526315789474,"intra pollinators"
0.333333333333333,"intra pollinators"
1,"intra pollinators"
0.2,"intra pollinators"
0.0652173913043478,"intra pollinators"
1,"intra pollinators"
0.333333333333333,"intra pollinators"
0.166666666666667,"intra pollinators"
0.03125,"intra pollinators"
0.166666666666667,"intra pollinators"
0.5,"intra pollinators"
0.0625,"intra pollinators"
0.00510204081632653,"intra pollinators"
0.333333333333333,"intra pollinators"
0.456521739130435,"intra pollinators"
1,"intra pollinators"
0.5,"intra pollinators"
0.0806451612903226,"intra pollinators"
0.0294117647058824,"intra pollinators"
0.15625,"intra pollinators"
1,"intra pollinators"
0.666666666666667,"intra pollinators"
1,"intra pollinators"
0.0952380952380952,"intra pollinators"
0.0217391304347826,"intra pollinators"
0.6875,"intra pollinators"
0.244897959183673,"intra pollinators"
0.0645161290322581,"intra pollinators"
0.5,"intra pollinators"
0.1,"intra pollinators"
0.0459183673469388,"intra pollinators"
1,"intra pollinators"
0.142857142857143,"intra pollinators"
0.0434782608695652,"intra pollinators"
0.166666666666667,"intra pollinators"
0.6,"intra pollinators"
0.032258064516129,"intra pollinators"
0.0294117647058824,"intra pollinators"
0.34375,"intra pollinators"
1,"intra pollinators"
0.0625,"intra pollinators"
0.0153061224489796,"intra pollinators"
1,"intra pollinators"
0.0476190476190476,"intra pollinators"
0.5,"intra pollinators"
0.0967741935483871,"intra pollinators"
0.0588235294117647,"intra pollinators"
0.285714285714286,"intra pollinators"
0.00357142857142857,"intra pollinators"
0.5,"intra pollinators"
0.25,"intra pollinators"
0.0625,"intra pollinators"
0.428571428571429,"intra pollinators"
0.166666666666667,"intra pollinators"
0.0285714285714286,"intra pollinators"
0.0964285714285714,"intra pollinators"
0.333333333333333,"intra pollinators"
1,"intra pollinators"
0.0952380952380952,"intra pollinators"
0.0588235294117647,"intra pollinators"
0.160714285714286,"intra pollinators"
0.25,"intra pollinators"
0.333333333333333,"intra pollinators"
0.333333333333333,"intra pollinators"
0.117647058823529,"intra pollinators"
1,"intra pollinators"
0.428571428571429,"intra pollinators"
0.285714285714286,"intra pollinators"
0.103571428571429,"intra pollinators"
1,"intra pollinators"
0.5,"intra pollinators"
0.333333333333333,"intra pollinators"
0.153846153846154,"intra pollinators"
0.25,"intra pollinators"
0.666666666666667,"intra pollinators"
1,"intra pollinators"
0.5625,"intra pollinators"
0.571428571428571,"intra pollinators"
0.166666666666667,"intra pollinators"
0.238095238095238,"intra pollinators"
0.117647058823529,"intra pollinators"
1,"intra pollinators"
0.166666666666667,"intra pollinators"
0.125,"intra pollinators"
1,"intra pollinators"
1,"intra pollinators"
1,"intra pollinators"
1,"intra pollinators"
1,"intra pollinators"
1,"intra pollinators"
0.0588235294117647,"intra pollinators"
1,"intra pollinators"
1,"intra pollinators"
1,"intra pollinators"
0.666666666666667,"intra pollinators"
0.1,"intra pollinators"
1,"intra pollinators"
0.166666666666667,"intra pollinators"
0.25,"intra pollinators"
0.0142857142857143,"intra pollinators"
0.125,"intra pollinators"
0.428571428571429,"intra pollinators"
0.00357142857142857,"intra pollinators"
0.5,"intra pollinators"
0.125,"intra pollinators"
1,"intra pollinators"
0.0178571428571429,"intra pollinators"
0.5,"intra pollinators"
1,"intra pollinators"
0.0857142857142857,"intra pollinators"
0.166666666666667,"intra pollinators"
0.0625,"intra pollinators"
0.125,"intra pollinators"
0.333333333333333,"intra pollinators"
0.0714285714285714,"intra pollinators"
1,"intra pollinators"
0.166666666666667,"intra pollinators"
0.5,"intra pollinators"
0.25,"intra pollinators"
0.166666666666667,"intra pollinators"
0.0476190476190476,"intra pollinators"
0.117647058823529,"intra pollinators"
0.5,"intra pollinators"
1,"intra pollinators"
1,"intra pollinators"
0.571428571428571,"intra pollinators"
1,"intra pollinators"
0.15,"intra pollinators"
1,"intra pollinators"
0.25,"intra pollinators"
1,"intra pollinators"
0.846153846153846,"intra pollinators"
0.25,"intra pollinators"
1,"intra pollinators"
0.1875,"intra pollinators"
0.5,"intra pollinators"
0.285714285714286,"intra pollinators"
0.529411764705882,"intra pollinators"
0.666666666666667,"intra pollinators"
0.625,"intra pollinators"
1,"intra pollinators"
1,"intra pollinators"
1,"intra pollinators"
0.5,"intra pollinators"
0.153571428571429,"intra pollinators"
1,"intra pollinators"
0.5,"intra pollinators"
1,"intra pollinators"
0.285714285714286,"intra pollinators"
1,"intra pollinators"
1,"intra pollinators"
0.333333333333333,"intra pollinators"
0.00714285714285714,"intra pollinators"
0.25,"intra pollinators"
0.00357142857142857,"intra pollinators"
1,"intra pollinators"
0.714285714285714,"intra pollinators"
0.666666666666667,"intra pollinators"
0.153846153846154,"inter"
0.125,"inter"
0.0833333333333334,"inter"
0.125,"inter"
0.117647058823529,"inter"
0.153846153846154,"inter"
0.076923076923077,"inter"
0.153846153846154,"inter"
0.111111111111111,"inter"
0.125,"inter"
0.307692307692308,"inter"
0.0588235294117647,"inter"
0.0833333333333334,"inter"
0.0833333333333334,"inter"
0.166666666666667,"inter"
0.181818181818182,"inter"
0.1,"inter"
0.2,"inter"
0.0588235294117647,"inter"
0.1,"inter"
0.142857142857143,"inter"
0.1875,"inter"
0.2,"inter"
0.5,"inter"
0.157894736842105,"inter"
0.263157894736842,"inter"
0.0555555555555556,"inter"
0.25,"inter"
0.2,"inter"
0.181818181818182,"inter"
0.0499999999999999,"inter"
0.2,"inter"
0.428571428571428,"inter"
0.411764705882353,"inter"
0.0499999999999999,"inter"
0.1,"inter"
0.2,"inter"
0.0588235294117647,"inter"
0.1,"inter"
0.142857142857143,"inter"
0.1875,"inter"
0.2,"inter"
0.5,"inter"
0.157894736842105,"inter"
0.263157894736842,"inter"
0.0555555555555556,"inter"
0.25,"inter"
0.2,"inter"
0.181818181818182,"inter"
0.0499999999999999,"inter"
0.2,"inter"
0.428571428571428,"inter"
0.411764705882353,"inter"
0.0499999999999999,"inter"
0.217391304347826,"inter"
0.136363636363636,"inter"
0.111111111111111,"inter"
0.0588235294117647,"inter"
0.266666666666667,"inter"
0.352941176470588,"inter"
0.166666666666667,"inter"
0.142857142857143,"inter"
0.0625,"inter"
0.388888888888889,"inter"
0.0833333333333334,"inter"
0.076923076923077,"inter"
0.0588235294117647,"inter"
0.0555555555555556,"inter"
0.166666666666667,"inter"
0.217391304347826,"inter"
0.136363636363636,"inter"
0.111111111111111,"inter"
0.0588235294117647,"inter"
0.266666666666667,"inter"
0.352941176470588,"inter"
0.166666666666667,"inter"
0.142857142857143,"inter"
0.0625,"inter"
0.388888888888889,"inter"
0.0833333333333334,"inter"
0.076923076923077,"inter"
0.0588235294117647,"inter"
0.0555555555555556,"inter"
0.166666666666667,"inter"
0.217391304347826,"inter"
0.136363636363636,"inter"
0.111111111111111,"inter"
0.0588235294117647,"inter"
0.266666666666667,"inter"
0.352941176470588,"inter"
0.166666666666667,"inter"
0.142857142857143,"inter"
0.0625,"inter"
0.388888888888889,"inter"
0.0833333333333334,"inter"
0.076923076923077,"inter"
0.0588235294117647,"inter"
0.0555555555555556,"inter"
0.166666666666667,"inter"
0.217391304347826,"inter"
0.136363636363636,"inter"
0.111111111111111,"inter"
0.0588235294117647,"inter"
0.266666666666667,"inter"
0.352941176470588,"inter"
0.166666666666667,"inter"
0.142857142857143,"inter"
0.0625,"inter"
0.388888888888889,"inter"
0.0833333333333334,"inter"
0.076923076923077,"inter"
0.0588235294117647,"inter"
0.0555555555555556,"inter"
0.166666666666667,"inter"
0.217391304347826,"inter"
0.136363636363636,"inter"
0.111111111111111,"inter"
0.0588235294117647,"inter"
0.266666666666667,"inter"
0.352941176470588,"inter"
0.166666666666667,"inter"
0.142857142857143,"inter"
0.0625,"inter"
0.388888888888889,"inter"
0.0833333333333334,"inter"
0.076923076923077,"inter"
0.0588235294117647,"inter"
0.0555555555555556,"inter"
0.166666666666667,"inter"
0.142857142857143,"inter"
0.285714285714286,"inter"
0.181818181818182,"inter"
0.272727272727273,"inter"
0.222222222222222,"inter"
0.181818181818182,"inter"
0.416666666666667,"inter"
0.428571428571428,"inter"
0.142857142857143,"inter"
0.285714285714286,"inter"
0.181818181818182,"inter"
0.272727272727273,"inter"
0.222222222222222,"inter"
0.181818181818182,"inter"
0.416666666666667,"inter"
0.428571428571428,"inter"
0.142857142857143,"inter"
0.285714285714286,"inter"
0.181818181818182,"inter"
0.272727272727273,"inter"
0.222222222222222,"inter"
0.181818181818182,"inter"
0.416666666666667,"inter"
0.428571428571428,"inter"
0.142857142857143,"inter"
0.285714285714286,"inter"
0.181818181818182,"inter"
0.272727272727273,"inter"
0.222222222222222,"inter"
0.181818181818182,"inter"
0.416666666666667,"inter"
0.428571428571428,"inter"
0.222222222222222,"inter"
0.333333333333333,"inter"
0.5,"inter"
0.166666666666667,"inter"
0.25,"inter"
0.25,"inter"
0.0714285714285714,"inter"
0.1,"inter"
0.0909090909090909,"inter"
0.142857142857143,"inter"
0.285714285714286,"inter"
0.25,"inter"
0.142857142857143,"inter"
0.25,"inter"
0.142857142857143,"inter"
0.214285714285714,"inter"
0.142857142857143,"inter"
0.25,"inter"
0.142857142857143,"inter"
0.214285714285714,"inter"
0.142857142857143,"inter"
0.25,"inter"
0.142857142857143,"inter"
0.214285714285714,"inter"
0.142857142857143,"inter"
0.25,"inter"
0.142857142857143,"inter"
0.214285714285714,"inter"
0.142857142857143,"inter"
0.25,"inter"
0.142857142857143,"inter"
0.214285714285714,"inter"
0.166666666666667,"inter"
0.157894736842105,"inter"
0.181818181818182,"inter"
0.103448275862069,"inter"
0.210526315789474,"inter"
0.0625,"inter"
0.166666666666667,"inter"
0.157894736842105,"inter"
0.181818181818182,"inter"
0.103448275862069,"inter"
0.210526315789474,"inter"
0.0625,"inter"
0.166666666666667,"inter"
0.157894736842105,"inter"
0.181818181818182,"inter"
0.103448275862069,"inter"
0.210526315789474,"inter"
0.0625,"inter"
0.166666666666667,"inter"
0.157894736842105,"inter"
0.181818181818182,"inter"
0.103448275862069,"inter"
0.210526315789474,"inter"
0.0625,"inter"
0.111111111111111,"inter"
0.266666666666667,"inter"
0.0714285714285714,"inter"
0.133333333333333,"inter"
0.181818181818182,"inter"
0.1,"inter"
0.142857142857143,"inter"
0.166666666666667,"inter"
0.142857142857143,"inter"
0.166666666666667,"inter"
0.142857142857143,"inter"
0.166666666666667,"inter"
0.142857142857143,"inter"
0.166666666666667,"inter"
0.2,"inter"
0.2,"inter"
0.2,"inter"
0.2,"inter"
0.333333333333333,"inter"
0.333333333333333,"inter"
1,"inter"
0.333333333333333,"inter"
0.333333333333333,"inter"
1,"inter"
0.5,"inter"
0.5,"inter"
0.285714285714286,"inter"
0.5,"inter"
0.5,"inter"
0.285714285714286,"inter"
0.5,"inter"
0.5,"inter"
0.285714285714286,"inter"
0.5,"inter"
0.5,"inter"
0.285714285714286,"inter"
0.5,"inter"
0.5,"inter"
0.285714285714286,"inter"
0.5,"inter"
0.5,"inter"
0.285714285714286,"inter"
0.5,"inter"
0.5,"inter"
0.285714285714286,"inter"
0.5,"inter"
0.5,"inter"
0.285714285714286,"inter"
0.333333333333333,"inter"
0.333333333333333,"inter"
0.333333333333333,"inter"
0.333333333333333,"inter"
0.333333333333333,"inter"
0.333333333333333,"inter"
0.333333333333333,"inter"
0.333333333333333,"inter"
0.333333333333333,"inter"
0.166666666666667,"inter"
0.5,"inter"
0.25,"inter"
0.166666666666667,"inter"
0.5,"inter"
0.25,"inter"
0.166666666666667,"inter"
0.5,"inter"
0.25,"inter"
0.166666666666667,"inter"
0.5,"inter"
0.25,"inter"
0.166666666666667,"inter"
0.5,"inter"
0.25,"inter"
0.166666666666667,"inter"
0.5,"inter"
0.25,"inter"
0.166666666666667,"inter"
0.5,"inter"
0.25,"inter"
0.166666666666667,"inter"
0.5,"inter"
0.25,"inter"
0.166666666666667,"inter"
0.5,"inter"
0.25,"inter"
0.166666666666667,"inter"
0.5,"inter"
0.25,"inter"
0.166666666666667,"inter"
0.5,"inter"
0.25,"inter"
0.166666666666667,"inter"
0.5,"inter"
0.25,"inter"
0.166666666666667,"inter"
0.5,"inter"
0.25,"inter"
0.166666666666667,"inter"
0.5,"inter"
0.25,"inter"
0.166666666666667,"inter"
0.5,"inter"
0.25,"inter"
0.166666666666667,"inter"
0.5,"inter"
0.25,"inter"
0.166666666666667,"inter"
0.5,"inter"
0.25,"inter"
0.333333333333333,"inter"
0.333333333333333,"inter"
0.333333333333333,"inter"
0.333333333333333,"inter"
0.333333333333333,"inter"
0.333333333333333,"inter"
0.333333333333333,"inter"
0.333333333333333,"inter"
0.333333333333333,"inter"
0.333333333333333,"inter"
0.333333333333333,"inter"
0.333333333333333,"inter"
0.333333333333333,"inter"
0.333333333333333,"inter"
0.333333333333333,"inter"
0.333333333333333,"inter"
0.333333333333333,"inter"
0.333333333333333,"inter"
0.5,"inter"
1,"inter"
0.5,"inter"
0.5,"inter"
1,"inter"
0.5,"inter"
0.5,"inter"
1,"inter"
0.5,"inter"
0.333333333333333,"inter"
0.25,"inter"
0.5,"inter"
0.125,"inter"
0.333333333333333,"inter"
0.25,"inter"
0.5,"inter"
0.285714285714286,"inter"
1,"inter"
0.333333333333333,"inter"
0.428571428571428,"inter"
0.25,"inter"
0.142857142857143,"inter"
0.5,"inter"
0.285714285714286,"inter"
0.333333333333333,"inter"
0.25,"inter"
0.5,"inter"
0.125,"inter"
0.333333333333333,"inter"
0.25,"inter"
0.5,"inter"
0.285714285714286,"inter"
1,"inter"
0.333333333333333,"inter"
0.428571428571428,"inter"
0.25,"inter"
0.142857142857143,"inter"
0.5,"inter"
0.285714285714286,"inter"
0.333333333333333,"inter"
0.25,"inter"
0.5,"inter"
0.125,"inter"
0.333333333333333,"inter"
0.25,"inter"
0.5,"inter"
0.285714285714286,"inter"
1,"inter"
0.333333333333333,"inter"
0.428571428571428,"inter"
0.25,"inter"
0.142857142857143,"inter"
0.5,"inter"
0.285714285714286,"inter"
0.142857142857143,"inter"
0.142857142857143,"inter"
0.285714285714286,"inter"
0.333333333333333,"inter"
0.25,"inter"
0.285714285714286,"inter"
0.2,"inter"
0.5,"inter"
0.2,"inter"
0.4,"inter"
0.142857142857143,"inter"
0.142857142857143,"inter"
0.285714285714286,"inter"
0.333333333333333,"inter"
0.25,"inter"
0.285714285714286,"inter"
0.2,"inter"
0.5,"inter"
0.2,"inter"
0.4,"inter"
0.166666666666667,"inter"
0.333333333333333,"inter"
0.333333333333333,"inter"
0.25,"inter"
0.2,"inter"
0.2,"inter"
1,"inter"
0.5,"inter"
0.5,"inter"
0.166666666666667,"inter"
0.333333333333333,"inter"
0.333333333333333,"inter"
0.25,"inter"
0.2,"inter"
0.2,"inter"
1,"inter"
0.5,"inter"
0.5,"inter"
0.166666666666667,"inter"
0.333333333333333,"inter"
0.333333333333333,"inter"
0.25,"inter"
0.2,"inter"
0.2,"inter"
1,"inter"
0.5,"inter"
0.5,"inter"
0.166666666666667,"inter"
0.333333333333333,"inter"
0.333333333333333,"inter"
0.25,"inter"
0.2,"inter"
0.2,"inter"
1,"inter"
0.5,"inter"
0.5,"inter"
0.444444444444444,"inter"
0.1,"inter"
0.272727272727273,"inter"
0.4,"inter"
0.333333333333333,"inter"
0.222222222222222,"inter"
0.222222222222222,"inter"
0.125,"inter"
0.125,"inter"
0.2,"inter"
0.444444444444444,"inter"
0.1,"inter"
0.272727272727273,"inter"
0.4,"inter"
0.333333333333333,"inter"
0.222222222222222,"inter"
0.222222222222222,"inter"
0.125,"inter"
0.125,"inter"
0.2,"inter"
0.444444444444444,"inter"
0.1,"inter"
0.272727272727273,"inter"
0.4,"inter"
0.333333333333333,"inter"
0.222222222222222,"inter"
0.222222222222222,"inter"
0.125,"inter"
0.125,"inter"
0.2,"inter"
0.444444444444444,"inter"
0.1,"inter"
0.272727272727273,"inter"
0.4,"inter"
0.333333333333333,"inter"
0.222222222222222,"inter"
0.222222222222222,"inter"
0.125,"inter"
0.125,"inter"
0.2,"inter"
0.444444444444444,"inter"
0.1,"inter"
0.272727272727273,"inter"
0.4,"inter"
0.333333333333333,"inter"
0.222222222222222,"inter"
0.222222222222222,"inter"
0.125,"inter"
0.125,"inter"
0.2,"inter"
0.444444444444444,"inter"
0.1,"inter"
0.272727272727273,"inter"
0.4,"inter"
0.333333333333333,"inter"
0.222222222222222,"inter"
0.222222222222222,"inter"
0.125,"inter"
0.125,"inter"
0.2,"inter"
0.444444444444444,"inter"
0.1,"inter"
0.272727272727273,"inter"
0.4,"inter"
0.333333333333333,"inter"
0.222222222222222,"inter"
0.222222222222222,"inter"
0.125,"inter"
0.125,"inter"
0.2,"inter"
0.5,"inter"
0.5,"inter"
1,"inter"
1,"inter"
1,"inter"
1,"inter"
1,"inter"
1,"inter"
1,"inter"
1,"inter"
1,"inter"
1,"inter"
1,"inter"
1,"inter"
0.333333333333333,"inter"
0.333333333333333,"inter"
0.333333333333333,"inter"
1,"inter"
1,"inter"
1,"inter"
0.5,"inter"
0.5,"inter"
0.5,"inter"
0.5,"inter"
0.181818181818182,"inter"
0.181818181818182,"inter"
0.181818181818182,"inter"
0.181818181818182,"inter"
0.181818181818182,"inter"
0.181818181818182,"inter"
0.181818181818182,"inter"
0.181818181818182,"inter"
0.181818181818182,"inter"
0.25,"inter"
0.333333333333333,"inter"
0.25,"inter"
0.25,"inter"
0.333333333333333,"inter"
0.25,"inter"
0.25,"inter"
0.333333333333333,"inter"
0.25,"inter"
0.25,"inter"
0.333333333333333,"inter"
0.25,"inter"
0.25,"inter"
0.333333333333333,"inter"
0.25,"inter"
0.25,"inter"
0.333333333333333,"inter"
0.25,"inter"
0.25,"inter"
0.333333333333333,"inter"
0.25,"inter"
0.25,"inter"
0.333333333333333,"inter"
0.25,"inter"
0.25,"inter"
0.2,"inter"
0.2,"inter"
0.2,"inter"
0.2,"inter"
0.2,"inter"
